{
  ".": {
    "band_gap": 0.6919699500000007,
    "cbm": {
      "band_index": [
        [
          [
            4
          ]
        ]
      ],
      "kpoint_index": [
        25
      ],
      "kpoint_labels": [
        null
      ],
      "kpoint_coord": [
        [
          0.43103448275862066,
          0.0,
          0.43103448275862066
        ]
      ],
      "energy": 0.31687640600000044
    },
    "vbm": {
      "band_index": [
        [
          [
            1,
            2,
            3
          ],
          [
            1,
            2,
            3
          ]
        ]
      ],
      "kpoint_index": [
        0,
        120
      ],
      "kpoint_labels": [
        "GAMMA",
        "GAMMA"
      ],
      "kpoint_coord": [
        [
          0.0,
          0.0,
          0.0
        ],
        [
          0.0,
          0.0,
          0.0
        ]
      ],
      "energy": -0.3750935440000003
    }
  }
}